case,alpha,a,b,r,f,p,rho_E,rho_P
2,0.1,0.0,0.0,0.39389831803867037,1.0,4.3166247903554,0.39389831803867037,0.9125146084476794
2,0.1,0.0,1.1111111111111112,0.39389831803867037,1.0,4.3166247903554,0.39389831803867037,0.9125146084476794
2,0.1,0.0,2.2222222222222223,0.39389831803867037,1.0,4.3166247903554,0.39389831803867037,0.9125146084476794
2,0.1,0.0,3.3333333333333335,0.39389831803867037,1.0,4.3166247903554,0.39389831803867037,0.9125146084476794
2,0.1,0.0,4.444444444444445,0.39389831803867037,1.0,4.3166247903554,0.39389831803867037,0.9125146084476794
2,0.1,0.0,5.555555555555555,0.39389831803867037,1.0,4.3166247903554,0.39389831803867037,0.9125146084476794
2,0.1,0.0,6.666666666666667,0.39389831803867037,1.0,4.3166247903554,0.39389831803867037,0.9125146084476794
2,0.1,0.0,7.777777777777779,0.39389831803867037,1.0,4.3166247903554,0.39389831803867037,0.9125146084476794
2,0.1,0.0,8.88888888888889,0.39389831803867037,1.0,4.3166247903554,0.39389831803867037,0.9125146084476794
2,0.1,0.0,10.0,0.39389831803867037,1.0,4.3166247903554,0.39389831803867037,0.9125146084476794
2,0.1,1.1111111111111112,1.1111111111111112,0.3916449605375944,1.2130664243623164,4.329895062265924,0.47509135189886015,0.829045268356608
2,0.1,1.1111111111111112,2.2222222222222223,0.39207920446416245,1.0801850384924059,4.327334993727608,0.42351809056619316,0.8810607667602964
2,0.1,1.1111111111111112,3.3333333333333335,0.3927526163505502,1.0417876719562045,4.323367530641802,0.40916483384254804,0.8960964589114868
2,0.1,1.1111111111111112,4.444444444444445,0.3931308852943644,1.025601842099383,4.3211403150034045,0.4031957601440614,0.9024470720800313
2,0.1,1.1111111111111112,5.555555555555555,0.39335239104502767,1.017284118288499,4.319836569952375,0.40015114030091387,0.9057145123685759
2,0.1,1.1111111111111112,6.666666666666667,0.39349127956751284,1.0124501201283065,4.319019269628169,0.3983902932675694,0.9076148460476505
2,0.1,1.1111111111111112,7.777777777777779,0.3935835874119049,1.0093939758362285,4.318476150963594,0.39728090212158845,0.908816846115513
2,0.1,1.1111111111111112,8.88888888888889,0.3936478819783076,1.0073395293921088,4.318097891051834,0.39653707217822876,0.9096251348310148
2,0.1,1.1111111111111112,10.0,0.3936943915138591,1.0058923216759363,4.3178242824765425,0.39601416551067076,0.9101946465288377
2,0.1,2.2222222222222223,2.2222222222222223,0.3901423993520617,1.1610002850479793,4.33876360258812,0.4529554368570462,0.8496378059260162
2,0.1,2.2222222222222223,3.3333333333333335,0.39156974275391576,1.0837647343200683,4.330338640350731,0.424369478223475,0.8796903664620863
2,0.1,2.2222222222222223,4.444444444444445,0.39234848517058385,1.051277991443956,4.325748123341486,0.4124673274362102,0.892384910815734
2,0.1,2.2222222222222223,5.555555555555555,0.3927993563537889,1.0346029666534582,4.323092275475243,0.40639137938319886,0.8989171275277245
2,0.1,2.2222222222222223,6.666666666666667,0.39308045198934266,1.0249185567997792,4.321437204501606,0.40287544955912197,0.9027165880405882
2,0.1,2.2222222222222223,7.777777777777779,0.3932666577161144,1.0187984998742825,4.3203411412544055,0.4006594809317503,0.9051199821666785
2,0.1,2.2222222222222223,8.88888888888889,0.39339608409528126,1.014685552869461,4.319579440361211,0.3991733230869014,0.9067362295944041
2,0.1,2.2222222222222223,10.0,0.39348957741290497,1.01178885659006,4.319029285279258,0.39812836961070897,0.907875061274882
2,0.1,3.3333333333333335,3.3333333333333335,0.3903478321356129,1.1259407519629756,4.337550138209019,0.43950853164188936,0.8632969294519164
2,0.1,3.3333333333333335,4.444444444444445,0.39155067251943054,1.0770306808437289,4.330451108612493,0.4217120874084222,0.8823282839618827
2,0.1,3.3333333333333335,5.555555555555555,0.3922390740484009,1.0519572376892912,4.326392821550211,0.41261873284976114,0.8921225073963414
2,0.1,3.3333333333333335,6.666666666666667,0.39266578227974525,1.0374055702065648,4.323878943032435,0.4073536697665259,0.8978198556024779
2,0.1,3.3333333333333335,7.777777777777779,0.3929475059496117,1.0282136842885354,4.3222199126879115,0.40403400282444146,0.9014240260824102
2,0.1,3.3333333333333335,8.88888888888889,0.393142913338999,1.0220381240762737,4.321069511228576,0.40180704564287156,0.9038478974028563
2,0.1,3.3333333333333335,10.0,0.3932838699854651,1.0176896325580622,4.320239836797279,0.4002409171365207,0.9055558551590224
2,0.1,4.444444444444445,4.444444444444445,0.3907369844232389,1.1028622340346397,4.3352522866676955,0.43092906356097144,0.8722773572222757
2,0.1,4.444444444444445,5.555555555555555,0.3916714005517378,1.0693476425502713,4.329739148332041,0.41883288883436387,0.8853307068647973
2,0.1,4.444444444444445,6.666666666666667,0.39224721643480664,1.049911425479226,4.32634484016247,0.4118248341473263,0.8929246703086844
2,0.1,4.444444444444445,7.777777777777779,0.39262610879470516,1.0376396428406665,4.32411261895902,0.40740441529965854,0.8977289874775981
2,0.1,4.444444444444445,8.88888888888889,0.3928883585415459,1.0293972972445518,4.322568177432736,0.4044382144015158,0.9009601429724075
2,0.1,4.444444444444445,10.0,0.393077263432604,1.0235946776386236,4.32145597541104,0.40235179475036864,0.9032370306760735
2,0.1,5.555555555555555,5.555555555555555,0.39109618850831135,1.086774911570255,4.333132222391256,0.4250335256815838,0.8785417822898735
2,0.1,5.555555555555555,6.666666666666667,0.39182469944904696,1.0624363928027578,4.3288352578871585,0.4162888202936702,0.8880310541433565
2,0.1,5.555555555555555,7.777777777777779,0.3923024426124395,1.0470764909073251,4.326019416038086,0.4107706649850055,0.8940348761031355
2,0.1,5.555555555555555,8.88888888888889,0.39263240841618335,1.036763127201989,4.324075513597948,0.4070668035904108,0.8980729710708131
2,0.1,5.555555555555555,10.0,0.39286975190630113,1.0295040201360086,4.322677739851532,0.40446098897737337,0.9009185903426873
2,0.1,6.666666666666667,6.666666666666667,0.3913981752927847,1.0749807475358009,4.331350565428962,0.4207455030603861,0.8831390295090962
2,0.1,6.666666666666667,7.777777777777779,0.3919764834372355,1.0565243455083602,4.327940462212396,0.4141326976181938,0.8903417018483094
2,0.1,6.666666666666667,8.88888888888889,0.3923750515558255,1.0441356693799952,4.325591595205819,0.40969278710425205,0.8951863865182512
2,0.1,6.666666666666667,10.0,0.39266132950895194,1.0354176886026978,4.32390516920423,0.4065684862038213,0.8986005366975895
2,0.1,7.777777777777779,7.777777777777779,0.3916482069714288,1.0659833253356183,4.329875918128536,0.4174904580291362,0.8866494747432454
2,0.1,7.777777777777779,8.88888888888889,0.3921162764314947,1.051514979821846,4.327116498607382,0.4123161384996805,0.8923003941880385
2,0.1,7.777777777777779,10.0,0.39245199029286343,1.041335711842044,4.325138302913065,0.4086742726754459,0.8962828723018207
2,0.1,8.88888888888889,8.88888888888889,0.39185607139075435,1.0589011151909618,4.328650301035381,0.4149368309900189,0.8894149990073573
2,0.1,8.88888888888889,10.0,0.39224172825974507,1.047258118910972,4.326377180784439,0.41077833449568923,0.8939655997389775
2,0.1,10.0,10.0,0.3920305373601927,1.0531849391226995,4.327621842991299,0.4128806576239337,0.8916487216154599
2,0.2,0.0,0.0,0.3042523118700139,1.0,3.449489742783178,0.3042523118700139,0.44101060527365366
2,0.2,0.0,1.1111111111111112,0.3042523118700139,1.0,3.449489742783178,0.3042523118700139,0.44101060527365366
2,0.2,0.0,2.2222222222222223,0.3042523118700139,1.0,3.449489742783178,0.3042523118700139,0.44101060527365366
2,0.2,0.0,3.3333333333333335,0.3042523118700139,1.0,3.449489742783178,0.3042523118700139,0.44101060527365366
2,0.2,0.0,4.444444444444445,0.3042523118700139,1.0,3.449489742783178,0.3042523118700139,0.44101060527365366
2,0.2,0.0,5.555555555555555,0.3042523118700139,1.0,3.449489742783178,0.3042523118700139,0.44101060527365366
2,0.2,0.0,6.666666666666667,0.3042523118700139,1.0,3.449489742783178,0.3042523118700139,0.44101060527365366
2,0.2,0.0,7.777777777777779,0.3042523118700139,1.0,3.449489742783178,0.3042523118700139,0.44101060527365366
2,0.2,0.0,8.88888888888889,0.3042523118700139,1.0,3.449489742783178,0.3042523118700139,0.44101060527365366
2,0.2,0.0,10.0,0.3042523118700139,1.0,3.449489742783178,0.3042523118700139,0.44101060527365366
2,0.2,1.1111111111111112,1.1111111111111112,0.2891067036843981,1.267211545609808,3.5227254251679345,0.36635935282206294,0.36297747914906037
2,0.2,1.1111111111111112,2.2222222222222223,0.2977741952126762,1.0960901482088172,3.480545666828743,0.3263873617634235,0.4122551278647966
2,0.2,1.1111111111111112,3.3333333333333335,0.30070608153524875,1.0493407232200216,3.466441928835277,0.3155431370748567,0.42613095067944023
2,0.2,1.1111111111111112,4.444444444444445,0.30202104769874877,1.030010685715276,3.4601424387864284,0.3110849064406343,0.4319298904097977
2,0.2,1.1111111111111112,5.555555555555555,0.3027205016540575,1.0201736764650928,3.456798136953733,0.30882748711377705,0.4348956773676108
2,0.2,1.1111111111111112,6.666666666666667,0.3031361133205502,1.0144903334245583,3.454813099809682,0.30752865667558965,0.4366138453290892
2,0.2,1.1111111111111112,7.777777777777779,0.3034029769060893,1.0109113805325058,3.4535393443482962,0.3067135222418067,0.4376976187896809
2,0.2,1.1111111111111112,8.88888888888889,0.303584442408723,1.008512283499239,3.452673570563397,0.3061686392484645,0.4384248990816361
2,0.2,1.1111111111111112,10.0,0.30371340716716233,1.006825886580376,3.4520584609998486,0.30578652043742494,0.4389365093259075
2,0.2,2.2222222222222223,2.2222222222222223,0.2907070199192843,1.1946603049008226,3.514881681336829,0.34729613705358175,0.3837976219774471
2,0.2,2.2222222222222223,3.3333333333333335,0.29700629062890205,1.0993046469178034,3.484253090455756,0.3265003954521717,0.4113383999274787
2,0.2,2.2222222222222223,4.444444444444445,0.299733115528101,1.060247158656821,3.471113387912369,0.31779118409402574,0.42288333048814936
2,0.2,2.2222222222222223,5.555555555555555,0.30116309748288383,1.0404482235350576,3.4642507254520414,0.31334460977038187,0.42879677168119845
2,0.2,2.2222222222222223,6.666666666666667,0.30200670946593344,1.0290323401438073,3.4602110413664686,0.3107746709808604,0.4322255702139842
2,0.2,2.2222222222222223,7.777777777777779,0.30254615254571954,1.0218519202713638,3.4576313319234133,0.3091573669495565,0.4343895368996844
2,0.2,2.2222222222222223,8.88888888888889,0.3029120137172581,1.0170422518221756,3.4558832437073512,0.30807431653498996,0.4358422222708756
2,0.2,2.2222222222222223,10.0,0.3031715700395627,1.0136631152104059,3.4546438253031844,0.3073138381295329,0.4368643842755516
2,0.2,3.3333333333333335,3.3333333333333335,0.2931436996505923,1.1499349398074075,3.5029877928693844,0.3370961826126246,0.39663891916937716
2,0.2,3.3333333333333335,4.444444444444445,0.2973865801993955,1.0907184332961093,3.4824163589601023,0.32436502483837243,0.41387228678380744
2,0.2,3.3333333333333335,5.555555555555555,0.2995795364929006,1.0608262649442715,3.47185157003074,0.3178018407514998,0.4227143068775579
2,0.2,3.3333333333333335,6.666666666666667,0.30086389778693345,1.0436269659015618,3.4656850452866075,0.313989676796695,0.42784593664318527
2,0.2,3.3333333333333335,7.777777777777779,0.3016817541622011,1.0328220152524688,3.4617663286299627,0.3115835572987044,0.4310864270598244
2,0.2,3.3333333333333335,8.88888888888889,0.3022349862743004,1.0255900903104436,3.4591190553727644,0.3099692068680354,0.4332626070794226
2,0.2,3.3333333333333335,10.0,0.30262678037412855,1.020511780400607,3.4572459858071207,0.3088341944365054,0.4347942468355551
2,0.2,4.444444444444445,4.444444444444445,0.29497944229441897,1.1214339547666246,3.4940658439819665,0.3307999625470836,0.40489818915627623
2,0.2,4.444444444444445,5.555555555555555,0.29796924442496014,1.0813105045064009,3.4796048689909513,0.32219727401654474,0.4166487152691413
2,0.2,4.444444444444445,6.666666666666667,0.2997074730329666,1.0582751764632086,3.4712366239215946,0.317172978911305,0.42347510491075563
2,0.2,4.444444444444445,7.777777777777779,0.30080969632008087,1.0438220676648764,3.4659449682869177,0.31399179918647036,0.42778835786594877
2,0.2,4.444444444444445,8.88888888888889,0.30155332027840015,1.0341559865080787,3.4623813025715977,0.3118531714172955,0.4306860861646216
2,0.2,4.444444444444445,10.0,0.3020790179482511,1.027371977547948,3.459865094185156,0.3103475180452368,0.43272611389139726
2,0.2,5.555555555555555,5.555555555555555,0.2963316357527458,1.1019037282757522,3.487514961646984,0.3265289342420028,0.41060044330227663
2,0.2,5.555555555555555,6.666666666666667,0.29853722725639886,1.0729779579753669,3.476867324904534,0.32032386448119887,0.41911323897777464
2,0.2,5.555555555555555,7.777777777777779,0.2999298927851957,1.0548524859290436,3.470167895580674,0.3163817930088952,0.4244953990740489
2,0.2,5.555555555555555,8.88888888888889,0.3008669756512644,1.0427401301822643,3.465670286216002,0.3137260693581436,0.4281126926088524
2,0.2,5.555555555555555,10.0,0.30152826243099057,1.0342438029422523,3.4625013036847943,0.31185373683119716,0.4306600025029279
2,0.2,6.666666666666667,6.666666666666667,0.2973529498542375,1.0877363173216623,3.482578731917473,0.3234416026191812,0.41476050656187163
2,0.2,6.666666666666667,7.777777777777779,0.2990422565360637,1.0659136847741677,3.474435766235271,0.3187532335675376,0.42120762162100167
2,0.2,6.666666666666667,8.88888888888889,0.3001759120413512,1.051342713343839,3.4689863111642767,0.3155877578460157,0.4255424599253323
2,0.2,6.666666666666667,10.0,0.30097449338435067,1.0411273537725374,3.4651547691419755,0.3133527778502791,0.42859592990624296
2,0.2,7.777777777777779,7.777777777777779,0.2981466997767051,1.0770060853144703,3.4787492471827473,0.3211058099759378,0.4179250976455905
2,0.2,7.777777777777779,8.88888888888889,0.2994800888277817,1.059963930267548,3.4723296862668045,0.31743809199076994,0.42297542206397437
2,0.2,7.777777777777779,10.0,0.3004176902646377,1.0480227281332737,3.467825646995481,0.3148445673306424,0.4265339135155752
2,0.2,8.88888888888889,8.88888888888889,0.29877946512458786,1.0686039775119982,3.4757007244119102,0.3192769248310419,0.4204116134173033
2,0.2,8.88888888888889,10.0,0.29985783242390546,1.0549300250305684,3.4705140953013203,0.3163290306645626,0.4244739709251971
2,0.2,10.0,10.0,0.2992948991114932,1.0618493443882575,3.4732202737470703,0.31780609240028873,0.42241611991134026
2,0.30000000000000004,0.0,0.0,0.24062879567280887,1.0,3.0816659994661326,0.24062879567280887,0.2602799867717606
2,0.30000000000000004,0.0,1.1111111111111112,0.24062879567280887,1.0,3.0816659994661326,0.24062879567280887,0.2602799867717606
2,0.30000000000000004,0.0,2.2222222222222223,0.24062879567280887,1.0,3.0816659994661326,0.24062879567280887,0.2602799867717606
2,0.30000000000000004,0.0,3.3333333333333335,0.24062879567280887,1.0,3.0816659994661326,0.24062879567280887,0.2602799867717606
2,0.30000000000000004,0.0,4.444444444444445,0.24062879567280887,1.0,3.0816659994661326,0.24062879567280887,0.2602799867717606
2,0.30000000000000004,0.0,5.555555555555555,0.24062879567280887,1.0,3.0816659994661326,0.24062879567280887,0.2602799867717606
2,0.30000000000000004,0.0,6.666666666666667,0.24062879567280887,1.0,3.0816659994661326,0.24062879567280887,0.2602799867717606
2,0.30000000000000004,0.0,7.777777777777779,0.24062879567280887,1.0,3.0816659994661326,0.24062879567280887,0.2602799867717606
2,0.30000000000000004,0.0,8.88888888888889,0.24062879567280887,1.0,3.0816659994661326,0.24062879567280887,0.2602799867717606
2,0.30000000000000004,0.0,10.0,0.24062879567280887,1.0,3.0816659994661326,0.24062879567280887,0.2602799867717606
2,0.30000000000000004,1.1111111111111112,1.1111111111111112,0.21205571696084852,1.3134204308864925,3.215489825814103,0.27851831114266173,0.19128897228981329
2,0.30000000000000004,1.1111111111111112,2.2222222222222223,0.22990802580941017,1.1082931695127554,3.130576025612067,0.25480549462073154,0.23503103326459812
2,0.30000000000000004,1.1111111111111112,3.3333333333333335,0.23498488405841966,1.0549720372696143,3.107232520065041,0.2479024818626751,0.24726530754894005
2,0.30000000000000004,1.1111111111111112,4.444444444444445,0.23714447915443612,1.0332546925228292,3.0974028980232124,0.24503064589220339,0.25235687193651624
2,0.30000000000000004,1.1111111111111112,5.555555555555555,0.23826356067276439,1.0222837248596155,3.0923322592487392,0.24357296030286857,0.2549535738962256
2,0.30000000000000004,1.1111111111111112,6.666666666666667,0.23891815055520194,1.0159728278241922,3.0893734553593295,0.2427343490380946,0.25645489273548816
2,0.30000000000000004,1.1111111111111112,7.777777777777779,0.23933406441837846,1.01201016390741,3.0874962282663034,0.2422085057606698,0.25740045100833975
2,0.30000000000000004,1.1111111111111112,8.88888888888889,0.239614755868298,1.0093593153499512,3.086230526289521,0.24185738593097098,0.25803423231088346
2,0.30000000000000004,1.1111111111111112,10.0,0.239813107106293,1.0074988238588514,3.085336696257329,0.24161142335552696,0.25847964913671506
2,0.30000000000000004,2.2222222222222223,2.2222222222222223,0.2181817661233813,1.2209408735010103,3.185829849030095,0.26638703611267434,0.21052118079391577
2,0.30000000000000004,2.2222222222222223,3.3333333333333335,0.22909521714058476,1.1109736744135286,3.1343447656281707,0.25451875517724065,0.2344494223572156
2,0.30000000000000004,2.2222222222222223,4.444444444444445,0.23357244143026817,1.0668718353435203,3.1136934213425667,0.2491918592743771,0.2445086735837027
2,0.30000000000000004,2.2222222222222223,5.555555555555555,0.2358595201679732,1.0447266631285514,3.103244436301874,0.24640872947218792,0.24966149406993132
2,0.30000000000000004,2.2222222222222223,6.666666666666667,0.2371877678930753,1.032026311810223,3.0972064638270993,0.24478401730518975,0.2526477026608895
2,0.30000000000000004,2.2222222222222223,7.777777777777779,0.2380282559774038,1.0240654823957476,3.0933971506673132,0.2437565207813185,0.2545311520600885
2,0.30000000000000004,2.2222222222222223,8.88888888888889,0.2385940268895646,1.0187458544098433,3.0908378622669535,0.24306667578069463,0.25579474935074664
2,0.30000000000000004,2.2222222222222223,10.0,0.2389931435890031,1.0150150270358536,3.0890348173005466,0.2425816321013756,0.2566833659521608
2,0.30000000000000004,3.3333333333333335,3.3333333333333335,0.2229507479214405,1.1680771783832538,3.163125451463375,0.2604236805505123,0.22184675670115084
2,0.30000000000000004,3.3333333333333335,4.444444444444445,0.2299109460301069,1.100865906607802,3.1305625013302287,0.25310112204049107,0.2367385182166127
2,0.30000000000000004,3.3333333333333335,5.555555555555555,0.2334162033704255,1.0673329197998882,3.114409669432763,0.24913279787196077,0.24440467953675127
2,0.30000000000000004,3.3333333333333335,6.666666666666667,0.23543748776602352,1.0481619048542614,3.1051675698128474,0.2467766056509371,0.24885875831230464
2,0.30000000000000004,3.3333333333333335,7.777777777777779,0.23671130665287674,1.0361665556936261,3.099369823841931,0.24527233930824902,0.2516722348409941
2,0.30000000000000004,3.3333333333333335,8.88888888888889,0.23756658017356996,1.0281598951560302,3.0954884991136695,0.24425643016383433,0.253561606363647
2,0.30000000000000004,3.3333333333333335,10.0,0.23816889108278327,1.0225487500986792,3.0927606121157343,0.24353930188908848,0.25489117240024267
2,0.30000000000000004,4.444444444444445,4.444444444444445,0.22615840440961293,1.1352517962700972,3.148036023471731,0.25674673484759214,0.2290496648351444
2,0.30000000000000004,4.444444444444445,5.555555555555555,0.23093316980124934,1.090106671862661,3.1258352681459285,0.2517417891547347,0.23918408779349343
2,0.30000000000000004,4.444444444444445,6.666666666666667,0.23366715844261252,1.0643810769017295,3.1132593595921865,0.24871090173971494,0.24508840786844635
2,0.30000000000000004,4.444444444444445,7.777777777777779,0.23538315542410937,1.0483139890279003,3.105415317326682,0.24675545461262233,0.24882384625798462
2,0.30000000000000004,4.444444444444445,8.88888888888889,0.2365323881637493,1.0376017172818641,3.100182932869591,0.24542641215148675,0.2513348725409048
2,0.30000000000000004,4.444444444444445,10.0,0.23734033597127663,1.0301001342816303,3.0965143319293684,0.2444843119544593,0.25310310395425356
2,0.30000000000000004,5.555555555555555,5.555555555555555,0.22841001383051823,1.113052163077987,3.137528707725572,0.25423225996273124,0.2340007017319964
2,0.30000000000000004,5.555555555555555,6.666666666666667,0.23187663720452706,1.0806853139775376,3.1214844598097145,0.25058567648142993,0.24133700594090932
2,0.30000000000000004,5.555555555555555,7.777777777777779,0.23404374413994503,1.060508392391362,3.1115347127815536,0.24820535484710837,0.24598613521374987
2,0.30000000000000004,5.555555555555555,8.88888888888889,0.2354914243646476,1.0470716021307527,3.1049216638279034,0.24657638299754453,0.24911461779329236
2,0.30000000000000004,5.555555555555555,10.0,0.2365074650777643,1.037669321463425,3.1002962296501764,0.24541654080827835,0.2513191963786708
2,0.30000000000000004,6.666666666666667,6.666666666666667,0.2300657912176028,1.097076117092449,3.1298455363280633,0.25239968490480974,0.23760491358178573
2,0.30000000000000004,6.666666666666667,7.777777777777779,0.23269301771995105,1.07275038028925,3.1177291037173407,0.24962152324973066,0.24315925260762453
2,0.30000000000000004,6.666666666666667,8.88888888888889,0.2344436633982651,1.0565698326246435,3.1097051964566114,0.24770610219661324,0.24690091275103132
2,0.30000000000000004,6.666666666666667,10.0,0.23567026568344035,1.0452564541438076,3.104106559843046,0.24633586625540194,0.2495394857290784
2,0.30000000000000004,7.777777777777779,7.777777777777779,0.23133092436373365,1.0850405714635152,3.123999595188746,0.2510034383688088,0.24034335133439988
2,0.30000000000000004,7.777777777777779,8.88888888888889,0.23338908106213613,1.0660966931877667,3.1145340393127574,0.24881532754647495,0.24469382876333634
2,0.30000000000000004,7.777777777777779,10.0,0.2348287255461304,1.0528616754189428,3.1079455787010466,0.24724216541499397,0.24776400835197315
2,0.30000000000000004,8.88888888888889,8.88888888888889,0.23232765438915937,1.0756524696654606,3.119408704948986,0.24990381521528285,0.24249343789748096
2,0.30000000000000004,8.88888888888889,10.0,0.23398283291945335,1.0604851289555697,3.1118135440155097,0.248135314741976,0.24599280088444364
2,0.30000000000000004,10.0,10.0,0.23313257657243425,1.0681269589638678,3.115710715144094,0.24901519004972525,0.2442259002537249
2,0.4,0.0,0.0,0.19237061572142464,1.0,2.8708286933869744,0.19237061572142464,0.16752185193473598
2,0.4,0.0,1.1111111111111112,0.19237061572142464,1.0,2.8708286933869744,0.19237061572142464,0.16752185193473598
2,0.4,0.0,2.2222222222222223,0.19237061572142464,1.0,2.8708286933869744,0.19237061572142464,0.16752185193473598
2,0.4,0.0,3.3333333333333335,0.19237061572142464,1.0,2.8708286933869744,0.19237061572142464,0.16752185193473598
2,0.4,0.0,4.444444444444445,0.19237061572142464,1.0,2.8708286933869744,0.19237061572142464,0.16752185193473598
2,0.4,0.0,5.555555555555555,0.19237061572142464,1.0,2.8708286933869744,0.19237061572142464,0.16752185193473598
2,0.4,0.0,6.666666666666667,0.19237061572142464,1.0,2.8708286933869744,0.19237061572142464,0.16752185193473598
2,0.4,0.0,7.777777777777779,0.19237061572142464,1.0,2.8708286933869744,0.19237061572142464,0.16752185193473598
2,0.4,0.0,8.88888888888889,0.19237061572142464,1.0,2.8708286933869744,0.19237061572142464,0.16752185193473598
2,0.4,0.0,10.0,0.19237061572142464,1.0,2.8708286933869744,0.19237061572142464,0.16752185193473598
2,0.4,1.1111111111111112,1.1111111111111112,0.15327047217092643,1.352462520652384,3.062312138179269,0.20729256913387223,0.10879898604869719
2,0.4,1.1111111111111112,2.2222222222222223,0.1784966885288839,1.1179967395128858,2.9352897894359944,0.1995587157891393,0.14588410296894666
2,0.4,1.1111111111111112,3.3333333333333335,0.1852000595674313,1.0593778822934903,2.9037205746522097,0.1961968469051736,0.15637231692016015
2,0.4,1.1111111111111112,4.444444444444445,0.1879852848832873,1.0357732979197027,2.8908403545621475,0.19471013848393734,0.16074002423724393
2,0.4,1.1111111111111112,5.555555555555555,0.1894108663311338,1.0239144981307509,2.8842995054981913,0.1939405321399536,0.16296626962378583
2,0.4,1.1111111111111112,6.666666666666667,0.19023834474211504,1.0171151213902359,2.8805186572651476,0.19349429710545388,0.16425245950933254
2,0.4,1.1111111111111112,7.777777777777779,0.1907613333844205,1.0128549628515529,2.878134982695579,0.1932135632385899,0.16506197033634423
2,0.4,1.1111111111111112,8.88888888888889,0.19111292237544195,1.0100094901285581,2.8765350762765367,0.19302586528539883,0.16560423708183297
2,0.4,1.1111111111111112,10.0,0.19136063799812822,1.0080147044676262,2.8754090789008693,0.19289433695841962,0.16598514088753272
2,0.4,2.2222222222222223,2.2222222222222223,0.1635550211801588,1.2417906397916618,3.008825206185754,0.2031010943924482,0.1254523547524997
2,0.4,2.2222222222222223,3.3333333333333335,0.17777284081118583,1.1200917695212955,2.9387486443324558,0.19912189583702872,0.14553495828478727
2,0.4,2.2222222222222223,4.444444444444445,0.18350978636481366,1.07201050292789,2.911603751561361,0.19672441837313354,0.1540735776900682
2,0.4,2.2222222222222223,5.555555555555555,0.18641172459835992,1.0480310357536515,2.89810065258523,0.1953652728074436,0.1584629433022416
2,0.4,2.2222222222222223,6.666666666666667,0.18808623292204807,1.034331992303447,2.8903760443589057,0.19454360802311219,0.16101010096643684
2,0.4,2.2222222222222223,7.777777777777779,0.1891410024950415,1.025766643858642,2.885535043218486,0.19401453134539776,0.16261745696847812
2,0.4,2.2222222222222223,8.88888888888889,0.18984859938526238,1.0200530629677647,2.8822980153103357,0.19365564530307697,0.16369599652924943
2,0.4,2.2222222222222223,10.0,0.1903464455883773,1.0160511102838337,2.8800255809279514,0.19340171737865208,0.16445446956620763
2,0.4,3.3333333333333335,3.3333333333333335,0.1700969276629641,1.182217692707619,2.9760601822624193,0.20109159735836418,0.13503016852159022
2,0.4,3.3333333333333335,4.444444444444445,0.17894587479671575,1.1087267490724335,2.93314838893585,0.19840207802328538,0.14752685154670198
2,0.4,3.3333333333333335,5.555555555555555,0.18337373995621645,1.0723538608277376,2.9122404725116784,0.19664153801647027,0.1540131491236387
2,0.4,3.3333333333333335,6.666666666666667,0.18591449137588004,1.0516521020295408,2.900403794956751,0.1955173656531972,0.15779523929497938
2,0.4,3.3333333333333335,7.777777777777779,0.18750971620162987,1.0387356532119976,2.8930300855437383,0.19477302754229628,0.1601885065591572
2,0.4,3.3333333333333335,8.88888888888889,0.18857769223594562,1.0301309991068748,2.888118069440673,0.1942597265122834,0.16179722169182767
2,0.4,3.3333333333333335,10.0,0.18932806250922335,1.0241093584747627,2.884678481370445,0.19389264063759049,0.16292988469310124
2,0.4,4.444444444444445,4.444444444444445,0.17429598261384083,1.1459367778878926,2.9555036587770225,0.1997321767153089,0.14110425499619314
2,0.4,4.444444444444445,5.555555555555555,0.1802975907740465,1.0968871469954675,2.9267272773357638,0.1977661099543002,0.14961817622797613
2,0.4,4.444444444444445,6.666666666666667,0.18372336420247554,1.0690769203953057,2.9106048410232996,0.1964144084062477,0.15460834064808887
2,0.4,4.444444444444445,7.777777777777779,0.18586757799889772,1.0517625948209313,2.900621317119402,0.1954885661292025,0.15777531477685566
2,0.4,4.444444444444445,8.88888888888889,0.18730025018190374,1.0402435767840754,2.893995796303722,0.19483788218177572,0.1599080043093854
2,0.4,4.444444444444445,10.0,0.18830551431808748,1.032189589082443,2.889368061531459,0.19436699144594483,0.16141143311690456
2,0.4,5.555555555555555,5.555555555555555,0.1771840936794143,1.1216349700476935,2.941569317243021,0.19873587560703757,0.14527932418442632
2,0.4,5.555555555555555,6.666666666666667,0.18151313014147558,1.086607893634766,2.9209820998394864,0.19723360001008194,0.15144987387752779
2,0.4,5.555555555555555,7.777777777777779,0.1842147021084054,1.064848065367619,2.908309940789938,0.1961606691524077,0.15537807812071947
2,0.4,5.555555555555555,8.88888888888889,0.1860163263525379,1.050391071623571,2.899931751810823,0.19538988837692217,0.1580284364154689
2,0.4,5.555555555555555,10.0,0.18727882814670255,1.0402919410800515,2.894094601982737,0.19482465565593057,0.15989916180239136
2,0.4,6.666666666666667,6.666666666666667,0.17928410423085364,1.1042464400057956,2.931538467168363,0.19797383384654813,0.14832031002716792
2,0.4,6.666666666666667,7.777777777777779,0.1825512138590954,1.0779926533186988,2.9160971532526605,0.19678886739451545,0.15299699380371484
2,0.4,6.666666666666667,8.88888888888889,0.18472597785784292,1.0605737563636173,2.9059264897227886,0.19591552423463485,0.15615861030457326
2,0.4,6.666666666666667,10.0,0.18624803273503193,1.0484165522848747,2.8988583824280933,0.19526552034990266,0.15839311781975465
2,0.4,7.777777777777779,7.777777777777779,0.18087725006656127,1.091196937894171,2.9239841434332416,0.19737270140734992,0.15063225962852322
2,0.4,7.777777777777779,8.88888888888889,0.18342926589375846,1.0707919005754984,2.911980561207052,0.19641457224754608,0.15429861849779983
2,0.4,7.777777777777779,10.0,0.18521315846512418,1.0565635592689735,2.903659681562496,0.19568947393136002,0.1568933483335424
2,0.4,8.88888888888889,8.88888888888889,0.1821262558470336,1.0810457703734744,2.9180945143775343,0.19688681855739293,0.15244855370692154
2,0.4,8.88888888888889,10.0,0.18417423739484995,1.064733097267565,2.908498776926781,0.1960964062183104,0.15539990059118333
2,0.4,10.0,10.0,0.18313130329147742,1.0729253000851147,2.913375944757963,0.19648620853898655,0.15391282191110106
2,0.5,0.0,0.0,0.15473746013029036,1.0,2.732050807568948,0.15473746013029036,0.11327568264954692
2,0.5,0.0,1.1111111111111112,0.15473746013029036,1.0,2.732050807568948,0.15473746013029036,0.11327568264954692
2,0.5,0.0,2.2222222222222223,0.15473746013029036,1.0,2.732050807568948,0.15473746013029036,0.11327568264954692
2,0.5,0.0,3.3333333333333335,0.15473746013029036,1.0,2.732050807568948,0.15473746013029036,0.11327568264954692
2,0.5,0.0,4.444444444444445,0.15473746013029036,1.0,2.732050807568948,0.15473746013029036,0.11327568264954692
2,0.5,0.0,5.555555555555555,0.15473746013029036,1.0,2.732050807568948,0.15473746013029036,0.11327568264954692
2,0.5,0.0,6.666666666666667,0.15473746013029036,1.0,2.732050807568948,0.15473746013029036,0.11327568264954692
2,0.5,0.0,7.777777777777779,0.15473746013029036,1.0,2.732050807568948,0.15473746013029036,0.11327568264954692
2,0.5,0.0,8.88888888888889,0.15473746013029036,1.0,2.732050807568948,0.15473746013029036,0.11327568264954692
2,0.5,0.0,10.0,0.15473746013029036,1.0,2.732050807568948,0.15473746013029036,0.11327568264954692
2,0.5,1.1111111111111112,1.1111111111111112,0.10945738854157828,1.3840068277553166,2.9747066754229365,0.1514897730898109,0.06465646273760578
2,0.5,1.1111111111111112,2.2222222222222223,0.13892646562913094,1.125753159863027,2.8098473339916548,0.15639690767059639,0.09503878576916952
2,0.5,1.1111111111111112,3.3333333333333335,0.14663430994942087,1.0628775143412463,2.771146678945743,0.15585431087618434,0.10385656021023316
2,0.5,1.1111111111111112,4.444444444444445,0.14980588028536865,1.0377665542274512,2.7556595975758684,0.1554635321867571,0.10754459930955194
2,0.5,1.1111111111111112,5.555555555555555,0.1514196115356006,1.0252019993559567,2.747872203568734,0.155235688488,0.10942644159025189
2,0.5,1.1111111111111112,6.666666666666667,0.15235256510925663,1.0180154139703164,2.7433978470084552,0.15509725963913945,0.11051387435855403
2,0.5,1.1111111111111112,7.777777777777779,0.15294051831145974,1.013519925333113,2.74058840571596,0.1550082626994383,0.11119823023767804
2,0.5,1.1111111111111112,8.88888888888889,0.15333491860865453,1.0105207424685307,2.7387082644695515,0.1549481157987693,0.11165657441786435
2,0.5,1.1111111111111112,10.0,0.15361232179578302,1.008420028474555,2.737387982337462,0.15490574191934603,0.11197845990760238
2,0.5,2.2222222222222223,2.2222222222222223,0.12239075233592918,1.2581439937325964,2.898645521321436,0.15398518993986304,0.07839146383390996
2,0.5,2.2222222222222223,3.3333333333333335,0.13835020914525753,1.1272787920359657,2.8128043380505874,0.15595925664318913,0.09484260266553977
2,0.5,2.2222222222222223,4.444444444444445,0.14481097193809553,1.076059559662264,2.7801626059265008,0.15582523069797155,0.10196184647409798
2,0.5,2.2222222222222223,5.555555555555555,0.14807438271776904,1.050632377620358,2.764084329785297,0.15557174077943656,0.10564395741561058
2,0.5,2.2222222222222223,6.666666666666667,0.14995402913488592,1.0361454960570708,2.7549421077708685,0.15537419190372284,0.10778644805498809
2,0.5,2.2222222222222223,7.777777777777779,0.1511360562502301,1.0271036195800445,2.7492361216058767,0.15523239042366455,0.10914025844629559
2,0.5,2.2222222222222223,8.88888888888889,0.15192790458271577,1.0210797324316752,2.7454319752003875,0.1551305041602245,0.1100493184236411
2,0.5,2.2222222222222223,10.0,0.15248436229090406,1.0168643727225242,2.7427673839005924,0.15505591541093428,0.11068885774453474
2,0.5,3.3333333333333335,3.3333333333333335,0.12992187148123444,1.1932548508584988,2.85714682702761,0.15502990337759745,0.08625408800526603
2,0.5,3.3333333333333335,4.444444444444445,0.13976025510268977,1.1148895892208124,2.8055849927363536,0.15581725340083374,0.0965317657935873
2,0.5,3.3333333333333335,5.555555555555555,0.14470397153356288,1.0762941202228005,2.7806943011043064,0.15574403373446122,0.10192950372251397
2,0.5,3.3333333333333335,6.666666666666667,0.14754265226216096,1.0543912891583285,2.766686087812767,0.15556768732453885,0.10509386378601775
2,0.5,3.3333333333333335,7.777777777777779,0.14932441253598805,1.0407515072434457,2.7579949778792847,0.15540960741507165,0.10710195989796986
2,0.5,3.3333333333333335,8.88888888888889,0.15051657808585733,1.0316771636734363,2.752222409228764,0.1552845163654486,0.10845400471702171
2,0.5,3.3333333333333335,10.0,0.1513536639478478,1.0253331294419141,2.7481892477516396,0.1551879259081466,0.10940692201329591
2,0.5,4.444444444444445,4.444444444444445,0.1346623712149903,1.1542654698288723,2.831949566723393,0.1554361251787408,0.09125854742250539
2,0.5,4.444444444444445,5.555555555555555,0.14131078865228333,1.1021898956391687,2.797708805000801,0.1557513233973488,0.09828432560446826
2,0.5,4.444444444444445,6.666666666666667,0.14511928856176348,1.0727537571469385,2.778632177918304,0.15567726203912252,0.1024365742334417
2,0.5,4.444444444444445,7.777777777777779,0.1475059425572627,1.0544639884150735,2.7668659638587543,0.15553970450385596,0.10508352486747606
2,0.5,4.444444444444445,8.88888888888889,0.14910110522278353,1.0423132211710733,2.7590800239291804,0.15541005326492663,0.10687072247823465
2,0.5,4.444444444444445,10.0,0.1502203115621037,1.033826391755327,2.7536538044479406,0.15530172267061068,0.10813269820562742
2,0.5,5.555555555555555,5.555555555555555,0.1378974611313919,1.1283220164953056,2.8151340325407133,0.15559274141335513,0.0947096332871945
2,0.5,5.555555555555555,6.666666666666667,0.14268484680043586,1.0912337780490122,2.790782649611319,0.15570252444438415,0.09981502356828553
2,0.5,5.555555555555555,7.777777777777779,0.14568101865971556,1.068241437221995,2.7758500327935445,0.15562250074901882,0.10308514101523401
2,0.5,5.555555555555555,8.88888888888889,0.1476816582128682,1.0529880806660072,2.766005263821434,0.15550702583114137,0.10529955994266176
2,0.5,5.555555555555555,10.0,0.1490843924060837,1.0423442490725785,2.7591612793665687,0.15539725905096094,0.10686623142771283
2,0.5,6.666666666666667,6.666666666666667,0.14024029088608722,1.1098321371251285,2.8031396427358506,0.15564318174515587,0.09722964626035521
2,0.5,6.666666666666667,7.777777777777779,0.14385003026434948,1.0820842002553315,2.7849480990469853,0.15565784495530383,0.10110699311289806
2,0.5,6.666666666666667,8.88888888888889,0.14625841542496482,1.0637019082309602,2.7729985597964752,0.1555753555823716,0.10374060432420562
2,0.5,6.666666666666667,10.0,0.14794599624055163,1.050886786952367,2.7647118924569463,0.15547449263170027,0.10560756637539184
2,0.5,7.777777777777779,7.777777777777779,0.14201338394262433,1.095992594986829,2.794161035234261,0.15564561719013773,0.09914926276148177
2,0.5,7.777777777777779,8.88888888888889,0.1448315614031243,1.0744548598341797,2.780060328331281,0.1556149750069593,0.10219394173701823
2,0.5,7.777777777777779,10.0,0.14680521532374624,1.0594540869631575,2.7703058579906044,0.1555333853622493,0.1043567473089507
2,0.5,8.88888888888889,8.88888888888889,0.14340128688267256,1.0852470809016768,2.7871909706940925,0.1556258279869643,0.1006596571156613
2,0.5,8.88888888888889,10.0,0.1456621444180821,1.068046226543478,2.7759433843083756,0.15557390369596372,0.10311381802750036
2,0.5,10.0,10.0,0.1445168807943172,1.0766632788618047,2.781624673565303,0.15559601872689013,0.10187882184296107
2,0.6,0.0,0.0,0.12495571341787952,1.0,2.632993161855452,0.12495571341787952,0.0790961121282873
2,0.6,0.0,1.1111111111111112,0.12495571341787952,1.0,2.632993161855452,0.12495571341787952,0.0790961121282873
2,0.6,0.0,2.2222222222222223,0.12495571341787952,1.0,2.632993161855452,0.12495571341787952,0.0790961121282873
2,0.6,0.0,3.3333333333333335,0.12495571341787952,1.0,2.632993161855452,0.12495571341787952,0.0790961121282873
2,0.6,0.0,4.444444444444445,0.12495571341787952,1.0,2.632993161855452,0.12495571341787952,0.0790961121282873
2,0.6,0.0,5.555555555555555,0.12495571341787952,1.0,2.632993161855452,0.12495571341787952,0.0790961121282873
2,0.6,0.0,6.666666666666667,0.12495571341787952,1.0,2.632993161855452,0.12495571341787952,0.0790961121282873
2,0.6,0.0,7.777777777777779,0.12495571341787952,1.0,2.632993161855452,0.12495571341787952,0.0790961121282873
2,0.6,0.0,8.88888888888889,0.12495571341787952,1.0,2.632993161855452,0.12495571341787952,0.0790961121282873
2,0.6,0.0,10.0,0.12495571341787952,1.0,2.632993161855452,0.12495571341787952,0.0790961121282873
2,0.6,1.1111111111111112,1.1111111111111112,0.07768975784529202,1.4083328469177978,2.9183510452308643,0.10941303784261443,0.039623190323634254
2,0.6,1.1111111111111112,2.2222222222222223,0.10829570457249789,1.1319381568651934,2.722064037983902,0.12258404023021076,0.06390809808221666
2,0.6,1.1111111111111112,3.3333333333333335,0.11643693015710019,1.0656723827933476,2.6773155240608673,0.12408362080565956,0.07121784972083554
2,0.6,1.1111111111111112,4.444444444444445,0.11978227694407491,1.0393574379575878,2.659623747162996,0.12449660047731995,0.07429691082832142
2,0.6,1.1111111111111112,5.555555555555555,0.12148086142411413,1.0262287464751525,2.6507851338500137,0.12466715213999036,0.07587164794623086
2,0.6,1.1111111111111112,6.666666666666667,0.12246110307749175,1.018732826158524,2.6457272631656523,0.1247551456326235,0.07678243037934385
2,0.6,1.1111111111111112,7.777777777777779,0.12307795355965956,1.01404946431921,2.642560220429308,0.12480713287667737,0.07735581765226518
2,0.6,1.1111111111111112,8.88888888888889,0.12349124604097352,1.0109276493205848,2.6404450430976563,0.12484071507187132,0.07773988736199675
2,0.6,1.1111111111111112,10.0,0.12378165274337152,1.0087424745810585,2.6389619995337705,0.12486381069608185,0.07800961438978916
2,0.6,2.2222222222222223,2.2222222222222223,0.0915338384602681,1.2707841150220363,2.8231463274327093,0.11631974790230182,0.05055983352235484
2,0.6,2.2222222222222223,3.3333333333333335,0.10787456376354458,1.1329475688164514,2.724448674193006,0.1222162247530431,0.06380792370815025
2,0.6,2.2222222222222223,4.444444444444445,0.11459311538959374,1.079269047557542,2.687233739765682,0.12367680250317833,0.06966856812700624
2,0.6,2.2222222222222223,5.555555555555555,0.11799950452035975,1.0526976852503935,2.669004092356854,0.12421780526927605,0.07272385067128544
2,0.6,2.2222222222222223,6.666666666666667,0.11996345227284,1.0375861145873204,2.6586764545429022,0.12447241233625751,0.07450814135438341
2,0.6,2.2222222222222223,7.777777777777779,0.12119862882866551,1.0281658468563262,2.6522471721829635,0.12461229084745043,0.07563780090716477
2,0.6,2.2222222222222223,8.88888888888889,0.12202590969815598,1.0218953960604948,2.6479689589206035,0.12469771532063928,0.0763971960459704
2,0.6,2.2222222222222223,10.0,0.12260707924708364,1.0175104193725935,2.6449766946117577,0.12475398062274887,0.0769318073331206
2,0.6,3.3333333333333335,3.3333333333333335,0.09933343203064204,1.2018315450512556,2.7744507489761334,0.1193820520926304,0.05688023077251221
2,0.6,3.3333333333333335,4.444444444444445,0.1094015414302833,1.1197371110224066,2.7158364575437774,0.12250096594254355,0.06521418735502256
2,0.6,3.3333333333333335,5.555555555555555,0.11451550427219848,1.0794075328173358,2.6876539067024785,0.12360889793578683,0.0696536402271933
2,0.6,3.3333333333333335,6.666666666666667,0.11746415453275119,1.056560117614571,2.6718420984699836,0.12410794092861974,0.07227357768041745
2,0.6,3.3333333333333335,7.777777777777779,0.11931832432387462,1.042349247754713,2.6620545718060304,0.12437136560234359,0.07394220084038693
2,0.6,3.3333333333333335,8.88888888888889,0.12055997904331697,1.0329032841906,2.6555651617510354,0.12452679829579202,0.07506810290975849
2,0.6,3.3333333333333335,10.0,0.12143213340186979,1.0263038553575161,2.6510373724799177,0.12462626667462717,0.07586272379182676
2,0.6,4.444444444444445,4.444444444444445,0.10422191917209175,1.1607608372356735,2.7454403502576303,0.12097672215650591,0.060936420947752354
2,0.6,4.444444444444445,5.555555555555555,0.11103292872907607,1.1063584450355193,2.706737560512261,0.12284221837644023,0.0666618515391548
2,0.6,4.444444444444445,6.666666666666667,0.11496465639154602,1.0756549483256013,2.6852253372742463,0.12366230153011894,0.07007905031194203
2,0.6,4.444444444444445,7.777777777777779,0.11743764167538052,1.056599724406782,2.6719829062699016,0.12408457982918947,0.07226914960469658
2,0.6,4.444444444444445,8.88888888888889,0.11909373470026262,1.0439513423558153,2.6632338796883914,0.12432806420650651,0.0737526702055913
2,0.6,4.444444444444445,10.0,0.12025695809716158,1.0351227973334969,2.6571441486907457,0.12448071886435101,0.07480239558570849
2,0.6,5.555555555555555,5.555555555555555,0.10755603690164889,1.1335499805991867,2.7262570762411884,0.1219201435431895,0.06374922625074028
2,0.6,5.555555555555555,6.666666666666667,0.11246645475939315,1.0948705739590285,2.6988270796271467,0.12313621187355389,0.06792484702136459
2,0.6,5.555555555555555,7.777777777777779,0.11555719845020017,1.070917289930982,2.6820325917274648,0.12375220179630504,0.07061877220565013
2,0.6,5.555555555555555,8.88888888888889,0.11762746309793187,1.0550395834525514,2.670975315646027,0.12410162966942241,0.07245095760928569
2,0.6,5.555555555555555,10.0,0.11908169858569874,1.0439672537775544,2.663297128683604,0.1243173938476784,0.07375085348868068
2,0.6,6.666666666666667,6.666666666666667,0.10997109380628232,1.1142068097269626,2.7126479875468714,0.12253054159208236,0.06581123090357527
2,0.6,6.666666666666667,7.777777777777779,0.113677627474653,1.085301911717031,2.6922039704920646,0.12337454641769739,0.06899118615102823
2,0.6,6.666666666666667,8.88888888888889,0.11616145628763529,1.066168004220371,2.6787896465087715,0.12384762801751997,0.07116302212154338
2,0.6,6.666666666666667,10.0,0.11790650242563813,1.0528372267142294,2.669496407513718,0.12413635502538341,0.07270812719672692
2,0.6,7.777777777777779,7.777777777777779,0.11179957607202322,1.099753510050345,2.7024973081150305,0.1229519762073481,0.067386501103673
2,0.6,7.777777777777779,8.88888888888889,0.11469601174207404,1.077336584849641,2.6866770223099987,0.12356620958608037,0.06988891796987372
2,0.6,7.777777777777779,10.0,0.11673151941799431,1.0617327115876962,2.6757420695859184,0.12393767263941892,0.0716742452959997
2,0.6,8.88888888888889,8.88888888888889,0.1132314321359706,1.0885452886070184,2.694637565431446,0.12325754197383613,0.06862869651138107
2,0.6,8.88888888888889,10.0,0.11555690153936739,1.070653697138197,2.6820341883937906,0.1237214238629583,0.07064923523111269
2,0.6,10.0,10.0,0.11438280286993188,1.0796001652831522,2.68837282626489,0.12348769288392868,0.069633123273678
2,0.7000000000000001,0.0,0.0,0.10117827577138185,1.0,2.558387444947959,0.10117827577138185,0.0564966788922219
2,0.7000000000000001,0.0,1.1111111111111112,0.10117827577138185,1.0,2.558387444947959,0.10117827577138185,0.0564966788922219
2,0.7000000000000001,0.0,2.2222222222222223,0.10117827577138185,1.0,2.558387444947959,0.10117827577138185,0.0564966788922219
2,0.7000000000000001,0.0,3.3333333333333335,0.10117827577138185,1.0,2.558387444947959,0.10117827577138185,0.0564966788922219
2,0.7000000000000001,0.0,4.444444444444445,0.10117827577138185,1.0,2.558387444947959,0.10117827577138185,0.0564966788922219
2,0.7000000000000001,0.0,5.555555555555555,0.10117827577138185,1.0,2.558387444947959,0.10117827577138185,0.0564966788922219
2,0.7000000000000001,0.0,6.666666666666667,0.10117827577138185,1.0,2.558387444947959,0.10117827577138185,0.0564966788922219
2,0.7000000000000001,0.0,7.777777777777779,0.10117827577138185,1.0,2.558387444947959,0.10117827577138185,0.0564966788922219
2,0.7000000000000001,0.0,8.88888888888889,0.10117827577138185,1.0,2.558387444947959,0.10117827577138185,0.0564966788922219
2,0.7000000000000001,0.0,10.0,0.10117827577138185,1.0,2.558387444947959,0.10117827577138185,0.0564966788922219
2,0.7000000000000001,1.1111111111111112,1.1111111111111112,0.055096231579186965,1.4264402689369184,2.877833489452183,0.0785914833912262,0.02487006541078403
2,0.7000000000000001,1.1111111111111112,2.2222222222222223,0.08452859420994044,1.1368504100448442,2.6568861521089824,0.09609636698808503,0.04395789021560479
2,0.7000000000000001,1.1111111111111112,3.3333333333333335,0.0926498545353759,1.067908647151652,2.6070935630624126,0.09894158081567062,0.04995540402680086
2,0.7000000000000001,1.1111111111111112,4.444444444444445,0.09600075997907782,1.0406325002316639,2.5875521643309964,0.09990151088116761,0.05250470340103789
2,0.7000000000000001,1.1111111111111112,5.555555555555555,0.09770287131679913,1.0270519592734373,2.577830943834954,0.10034592541255906,0.053812688252611145
2,0.7000000000000001,1.1111111111111112,6.666666666666667,0.09868478938807192,1.0193079980679205,2.5722832847559167,0.10059019511090996,0.0545702497036136
2,0.7000000000000001,1.1111111111111112,7.777777777777779,0.09930236436031016,1.0144739366471376,2.56881623540018,0.10073966049097226,0.055047500931106504
2,0.7000000000000001,1.1111111111111112,8.88888888888889,0.09971591879545302,1.0112537503768777,2.5665039855828113,0.10083809685417806,0.05536728736495107
2,0.7000000000000001,1.1111111111111112,10.0,0.10000636462244142,1.00900083076545,2.5648845414253563,0.10090650498587592,0.055591909055930304
2,0.7000000000000001,2.2222222222222223,2.2222222222222223,0.06850320755176913,1.2804402363761953,2.76760582930289,0.08771426327011483,0.033372405724338035
2,0.7000000000000001,2.2222222222222223,3.3333333333333335,0.08424329339526278,1.137412814749204,2.6587033985627877,0.09581940146444887,0.043915235596395555
2,0.7000000000000001,2.2222222222222223,4.444444444444445,0.09086495025020302,1.0818192317693256,2.6177312630609695,0.09829945067443263,0.04869562006180047
2,0.7000000000000001,2.2222222222222223,5.555555555555555,0.09424606242049355,1.0543444272628797,2.5977167070655622,0.09936781070451688,0.051210697799849506
2,0.7000000000000001,2.2222222222222223,6.666666666666667,0.09620095701038582,1.0387366353558762,2.586401788048435,0.09992745840298346,0.05268591181026322
2,0.7000000000000001,2.2222222222222223,7.777777777777779,0.0974319929037742,1.0290148753237387,2.579369055203744,0.1002589700304206,0.05362210454863115
2,0.7000000000000001,2.2222222222222223,8.88888888888889,0.09825697762811364,1.0225476346374713,2.574694995328209,0.10047244006025455,0.05425233086681178
2,0.7000000000000001,2.2222222222222223,10.0,0.09883667748376355,1.0180271453318808,2.571429015449927,0.10061842063288359,0.05469640215576893
2,0.7000000000000001,3.3333333333333335,3.3333333333333335,0.07604065657051454,1.2084658235174324,2.7131884916132814,0.0918925346632931,0.03837944306803025
2,0.7000000000000001,3.3333333333333335,4.444444444444445,0.08578806150981874,1.1235525095584662,2.648921842891527,0.0963873917995129,0.045070416683349074
2,0.7000000000000001,3.3333333333333335,5.555555555555555,0.09081286600249067,1.0818753769140401,2.6180441485692305,0.09824820363508881,0.04869102281504282
2,0.7000000000000001,3.3333333333333335,6.666666666666667,0.09372858899418231,1.0582852086841308,2.600742764386075,0.09919157936337734,0.050843781285176304
2,0.7000000000000001,3.3333333333333335,7.777777777777779,0.09556792031595608,1.0436225250742308,2.5900458224224154,0.09973683431623097,0.05222053813975328
2,0.7000000000000001,3.3333333333333335,8.88888888888889,0.09680180779604995,1.0338815166367914,2.5829604329113542,0.1000815998573633,0.05315183171807364
2,0.7000000000000001,3.3333333333333335,10.0,0.09766939581532101,1.0270788739164818,2.5780208441593393,0.10031417307010304,0.05381016936292246
2,0.7000000000000001,4.444444444444445,4.444444444444445,0.08078768038054515,1.1658207541784398,2.6811142649586723,0.0941839544695739,0.04162936745108242
2,0.7000000000000001,4.444444444444445,5.555555555555555,0.0874083878866531,1.1096420575968722,2.638811436820114,0.09699202338577127,0.04625384235688454
2,0.7000000000000001,4.444444444444445,6.666666666666667,0.09126952018377428,1.0779528340589217,2.6153057125724515,0.09838423794529745,0.049043939391299814
2,0.7000000000000001,4.444444444444445,7.777777777777779,0.09371091336978317,1.0582965393456742,2.6008463595663085,0.0991739353181638,0.050842839201487286
2,0.7000000000000001,4.444444444444445,8.88888888888889,0.09535076769467542,1.0452552403066926,2.591300222797343,0.09966588960012557,0.05206580827630913
2,0.7000000000000001,4.444444444444445,10.0,0.09650470224085264,1.0361559387056187,2.5846599908691377,0.09999392033987689,0.0529332202319415
2,0.7000000000000001,5.555555555555555,5.555555555555555,0.08403778412459123,1.1376409821138158,2.6600154512260312,0.09560482726616881,0.04389919286745031
2,0.7000000000000001,5.555555555555555,6.666666666666667,0.0888256031264123,1.0977384438784257,2.630089812179484,0.09750727935255046,0.047286431364512355
2,0.7000000000000001,5.555555555555555,7.777777777777779,0.09186174514362773,1.0730365152944237,2.611770391572233,0.09857100689778274,0.04948903404287077
2,0.7000000000000001,5.555555555555555,8.88888888888889,0.09390421815620434,1.0566686294567234,2.5997142546197316,0.0992256414993216,0.050994274854079494
2,0.7000000000000001,5.555555555555555,10.0,0.09534278040853604,1.0452582537899486,2.5913464048888146,0.0996578281613049,0.05206556267392263
2,0.7000000000000001,6.666666666666667,6.666666666666667,0.08639870083078834,1.117640785197294,2.645093916758706,0.09656271183654838,0.04557126531603687
2,0.7000000000000001,6.666666666666667,7.777777777777779,0.09002119338624727,1.08784199326859,2.622817544062115,0.09792883444971245,0.048159137514898046
2,0.7000000000000001,6.666666666666667,8.88888888888889,0.0924625219996963,1.0681214876120828,2.608202382669591,0.09876120654668055,0.049937241640870524
2,0.7000000000000001,6.666666666666667,10.0,0.09418381484696954,1.0543857251089372,2.598080021352684,0.09930606991094787,0.05120720293077445
2,0.7000000000000001,7.777777777777779,7.777777777777779,0.08819003880615141,1.1027124564765993,2.633987341901038,0.09724825432869784,0.04685315276231489
2,0.7000000000000001,7.777777777777779,8.88888888888889,0.09102604356404723,1.079613597890439,2.6167644254466986,0.09827295439391287,0.0488947146296001
2,0.7000000000000001,7.777777777777779,10.0,0.09302799081666067,1.0635382504051407,2.6048607610662886,0.0989388265918568,0.05035814555063697
2,0.7000000000000001,8.88888888888889,8.88888888888889,0.08959514822503448,1.0911447229192572,2.6254001652763312,0.09776127318491502,0.047866695548013406
2,0.7000000000000001,8.88888888888889,10.0,0.09187549415723024,1.0727157191885959,2.611688530369086,0.09855628679068087,0.04951839336451908
2,0.7000000000000001,10.0,10.0,0.09072651113057233,1.0819180127116494,2.6185632210140874,0.09815864662265016,0.04868794746421944
2,0.8,0.0,0.0,0.0820849986238988,1.0,2.5,0.0820849986238988,0.0410424993119494
2,0.8,0.0,1.1111111111111112,0.0820849986238988,1.0,2.5,0.0820849986238988,0.0410424993119494
2,0.8,0.0,2.2222222222222223,0.0820849986238988,1.0,2.5,0.0820849986238988,0.0410424993119494
2,0.8,0.0,3.3333333333333335,0.0820849986238988,1.0,2.5,0.0820849986238988,0.0410424993119494
2,0.8,0.0,4.444444444444445,0.0820849986238988,1.0,2.5,0.0820849986238988,0.0410424993119494
2,0.8,0.0,5.555555555555555,0.0820849986238988,1.0,2.5,0.0820849986238988,0.0410424993119494
2,0.8,0.0,6.666666666666667,0.0820849986238988,1.0,2.5,0.0820849986238988,0.0410424993119494
2,0.8,0.0,7.777777777777779,0.0820849986238988,1.0,2.5,0.0820849986238988,0.0410424993119494
2,0.8,0.0,8.88888888888889,0.0820849986238988,1.0,2.5,0.0820849986238988,0.0410424993119494
2,0.8,0.0,10.0,0.0820849986238988,1.0,2.5,0.0820849986238988,0.0410424993119494
2,0.8,1.1111111111111112,1.1111111111111112,0.03917238003968515,1.4396296662847954,2.8459547481253336,0.05639372040411311,0.015916720525513732
2,0.8,1.1111111111111112,2.2222222222222223,0.0660616458022172,1.140737656216621,2.606322574807974,0.07535900699823382,0.030757305982836103
2,0.8,1.1111111111111112,3.3333333333333335,0.07384099835592245,1.069699006851371,2.552372018509995,0.07898764260624395,0.03564105706033259
2,0.8,1.1111111111111112,4.444444444444445,0.07707573166391543,1.0416567623633328,2.5312876231142334,0.08028645710181917,0.03773865683760835
2,0.8,1.1111111111111112,5.555555555555555,0.07872230711167294,1.0277140682998862,2.5208276016253848,0.08090402250769047,0.038819035011372065
2,0.8,1.1111111111111112,6.666666666666667,0.07967277185792798,1.0197708340822709,2.514869471988086,0.08124796901120569,0.0394458808250409
2,0.8,1.1111111111111112,7.777777777777779,0.0802706254254678,1.0148155666452885,2.511150899163093,0.0814598802261178,0.0398411475619617
2,0.8,1.1111111111111112,8.88888888888889,0.0806709362364437,1.011516217343634,2.508673411558025,0.08159996027145702,0.04010613631395838
2,0.8,1.1111111111111112,10.0,0.08095203357841459,1.009208765959024,2.5069396072505574,0.08169750190954526,0.040292323777244746
2,0.8,2.2222222222222223,2.2222222222222223,0.05134782224005649,1.2877601606369198,2.7244874534636723,0.06612367981621114,0.022424995399449185
2,0.8,2.2222222222222223,3.3333333333333335,0.06588332217385474,1.1409248783777575,2.607618620163802,0.07516792133832784,0.030747334146611755
2,0.8,2.2222222222222223,4.444444444444445,0.07216594239160447,1.0838477854364945,2.563584919795965,0.07821689684507814,0.034620682401298945
2,0.8,2.2222222222222223,5.555555555555555,0.07540353332674572,1.0556605946035902,2.542096154735669,0.07960053882692401,0.036678959969733436
2,0.8,2.2222222222222223,6.666666666666667,0.07728300801505716,1.0396583921109952,2.529961050216531,0.08034792785043549,0.03789206425617396
2,0.8,2.2222222222222223,7.777777777777779,0.07846895583785037,1.0296959867011068,2.522425518942649,0.08079916890686091,0.038663971905466235
2,0.8,2.2222222222222223,8.88888888888889,0.0792646054953256,1.0230712855612176,2.517421094460693,0.08109334184360552,0.03918444257910653
2,0.8,2.2222222222222223,10.0,0.07982404623753231,1.0184422001039408,2.5139264550798486,0.0812961772713511,0.03955155807916611
2,0.8,3.3333333333333335,3.3333333333333335,0.05829634683104814,1.213580931241134,2.665621807922625,0.07074733487517954,0.02635233172883526
2,0.8,3.3333333333333335,4.444444444444445,0.0673739505677712,1.1265555238437661,2.596871591869165,0.07590049617529948,0.031687051518371735
2,0.8,3.3333333333333335,5.555555555555555,0.07213408048039437,1.083834799140866,2.5638002373772575,0.07818142662867929,0.03462186554955162
2,0.8,3.3333333333333335,6.666666666666667,0.07491766574739693,1.0596610070737758,2.5452728530028836,0.07938732913350315,0.03638090595629332
2,0.8,3.3333333333333335,7.777777777777779,0.07668081225724396,1.0446405739657205,2.5338230838218174,0.08010388772856498,0.03751091219780276
2,0.8,3.3333333333333335,8.88888888888889,0.07786639178023945,1.0346648864168968,2.526242687729117,0.08056562140699504,0.03827738966744605
2,0.8,3.3333333333333335,10.0,0.078701233237011,1.0277001409222215,2.5209603594561747,0.08088126848842883,0.03882018750537967
2,0.8,4.444444444444445,4.444444444444445,0.06271737712732524,1.1697584204922056,2.631119876865729,0.07336418000587396,0.028935380451390273
2,0.8,4.444444444444445,5.555555555555555,0.06891924513272141,1.1122311348364975,2.5859330135305036,0.07665413022604149,0.03264717589754287
2,0.8,4.444444444444445,6.666666666666667,0.07257867965747829,1.0797768177883444,2.5608026421955277,0.07836877575983156,0.03491221921662335
2,0.8,4.444444444444445,7.777777777777779,0.07490701003870277,1.0596485821806043,2.5453427081959017,0.07937510698289969,0.03638189477316685
2,0.8,4.444444444444445,8.88888888888889,0.07647667799596687,1.0462966800938902,2.5351377908446984,0.0800172942917896,0.037384944218080335
2,0.8,4.444444444444445,10.0,0.07758379021816336,1.0369824181918912,2.5280411203906925,0.08045302639292344,0.03809819533619536
2,0.8,5.555555555555555,5.555555555555555,0.0657641640292041,1.1408433115737273,2.6084862509830087,0.075026606673955,0.03075414697441113
2,0.8,5.555555555555555,6.666666666666667,0.07026795067374074,1.1000037724263003,2.576547824999828,0.07729501082178,0.03348577398010117
2,0.8,5.555555555555555,7.777777777777779,0.0731483552590346,1.0747192057453505,2.556983396634557,0.07861394226556839,0.03527683236387455
2,0.8,5.555555555555555,8.88888888888889,0.0750958439455691,1.0579663053788768,2.5441059637991823,0.07944887256840244,0.03650706792448353
2,0.8,5.555555555555555,10.0,0.07647191162493465,1.0462888530383387,2.535168521949744,0.08001170870370208,0.03738556283622029
2,0.8,6.666666666666667,6.666666666666667,0.06798733638856994,1.120339633495211,2.5925054583977087,0.07616890753188606,0.03210129676883273
2,0.8,6.666666666666667,7.777777777777779,0.07140564246538567,1.089851580681524,2.568744044583436,0.07782155231048032,0.034195624056747545
2,0.8,6.666666666666667,8.88888888888889,0.07372426569951646,1.0696733798997138,2.5531467272384645,0.0788608844714263,0.03564371751783666
2,0.8,6.666666666666667,10.0,0.07536579049978785,1.0556192580047528,2.542342332291085,0.07955757984632769,0.036682269248076396
2,0.8,7.777777777777779,7.777777777777779,0.06967965242394245,1.105044785846361,2.5806234395130514,0.07699913659066435,0.033138155287741486
2,0.8,7.777777777777779,8.88888888888889,0.07236231496313808,1.0814175004167805,2.562259562701689,0.07825387377180858,0.034794844758585394
2,0.8,7.777777777777779,10.0,0.07426561827888183,1.0649734371362587,2.5495623037243416,0.07909091075951014,0.03598829178822655
2,0.8,8.88888888888889,8.88888888888889,0.07101035844484808,1.093198243167981,2.57144391295671,0.07762839909863653,0.03396039643639411
2,0.8,8.88888888888889,10.0,0.07317158458703697,1.0743511860777923,2.556828172795979,0.07861197868827469,0.03530360564494852
2,0.8,10.0,10.0,0.07208387703299973,1.0837522921857037,2.564139660398967,0.07812106696414586,0.03462818397849124
2,0.9,0.0,0.0,0.06669203936307874,1.0,2.452966314513558,0.06669203936307874,0.030209247277686906
2,0.9,0.0,1.1111111111111112,0.06669203936307874,1.0,2.452966314513558,0.06669203936307874,0.030209247277686906
2,0.9,0.0,2.2222222222222223,0.06669203936307874,1.0,2.452966314513558,0.06669203936307874,0.030209247277686906
2,0.9,0.0,3.3333333333333335,0.06669203936307874,1.0,2.452966314513558,0.06669203936307874,0.030209247277686906
2,0.9,0.0,4.444444444444445,0.06669203936307874,1.0,2.452966314513558,0.06669203936307874,0.030209247277686906
2,0.9,0.0,5.555555555555555,0.06669203936307874,1.0,2.452966314513558,0.06669203936307874,0.030209247277686906
2,0.9,0.0,6.666666666666667,0.06669203936307874,1.0,2.452966314513558,0.06669203936307874,0.030209247277686906
2,0.9,0.0,7.777777777777779,0.06669203936307874,1.0,2.452966314513558,0.06669203936307874,0.030209247277686906
2,0.9,0.0,8.88888888888889,0.06669203936307874,1.0,2.452966314513558,0.06669203936307874,0.030209247277686906
2,0.9,0.0,10.0,0.06669203936307874,1.0,2.452966314513558,0.06669203936307874,0.030209247277686906
2,0.9,1.1111111111111112,1.1111111111111112,0.027965310141153454,1.4491333466690786,2.819294813497951,0.040525463475488424,0.010351680222173703
2,0.9,1.1111111111111112,2.2222222222222223,0.051695395941643414,1.1438053801924346,2.565751592196444,0.05912947200922988,0.02181267649562388
2,0.9,1.1111111111111112,3.3333333333333335,0.058928557856105235,1.0711325886740066,2.5083989814591474,0.06312029872323598,0.025767477925769607
2,0.9,1.1111111111111112,4.444444444444445,0.06196661455089952,1.0424806752600613,2.4860318733776245,0.06459899818060166,0.02748536612734071
2,0.9,1.1111111111111112,5.555555555555555,0.06351813526032846,1.0282476700823153,2.4749544638715806,0.0653123745894061,0.028373982549614204
2,0.9,1.1111111111111112,6.666666666666667,0.06441489031285345,1.0201441690662028,2.468652559398003,0.06571247475369647,0.028890618767617383
2,0.9,1.1111111111111112,7.777777777777779,0.06497926897639039,1.0150912560282528,2.4647231076321137,0.06595988776104181,0.029216749025719725
2,0.9,1.1111111111111112,8.88888888888889,0.0653572493912661,1.0117280715509134,2.4621070079159173,0.06612376388849775,0.029435528464580724
2,0.9,1.1111111111111112,10.0,0.06562268388251291,1.009376622792915,2.460277243596755,0.06623800303593794,0.0295893089014392
2,0.9,2.2222222222222223,2.2222222222222223,0.03856763842204217,1.2932854630280821,2.689626879120536,0.04987896611455046,0.015285952427533929
2,0.9,2.2222222222222223,3.3333333333333335,0.051595303952290804,1.1436843829530723,2.5665907431682795,0.05900874336395192,0.0218199821986606
2,0.9,2.2222222222222223,4.444444444444445,0.05739219572617712,1.0854624256825223,2.52007360909205,0.0622970719881823,0.024943290103025085
2,0.9,2.2222222222222223,5.555555555555555,0.060410891316105005,1.0567141534084719,2.49737011473802,0.06383704387374911,0.026620419387673105
2,0.9,2.2222222222222223,6.666666666666667,0.06217173958036868,1.0403983959742786,2.4845543888712105,0.06468337813434615,0.02761395072344813
2,0.9,2.2222222222222223,7.777777777777779,0.0632856601760517,1.0302437128226307,2.4766000497988436,0.0651996535082068,0.02824795545930383
2,0.9,2.2222222222222223,8.88888888888889,0.06403408271670798,1.0234928213144787,2.4713198430188,0.06553842398000814,0.028676192550591482
2,0.9,2.2222222222222223,10.0,0.06456078885620183,1.01877653902415,2.4676340608106835,0.06577301702759021,0.028978595690578392
2,0.9,3.3333333333333335,3.3333333333333335,0.044765290843227924,1.2175176073492249,2.627344327899231,0.054502529799739026,0.018346012340747307
2,0.9,3.3333333333333335,4.444444444444445,0.05298545306416137,1.1289191466832609,2.5550550651128416,0.05981629245981903,0.02257900470490385
2,0.9,3.3333333333333335,5.555555555555555,0.057375319361729016,1.08539223014703,2.5202032741645706,0.062274725837425125,0.024947422512513202
2,0.9,3.3333333333333335,6.666666666666667,0.05996441957907262,1.0607601512082108,2.5006683105271836,0.06360786677980967,0.026378837441660415
2,0.9,3.3333333333333335,7.777777777777779,0.06161198552355388,1.0454563288310135,2.4885957027034897,0.0644126401974442,0.02730269668794774
2,0.9,3.3333333333333335,8.88888888888889,0.06272290208665666,1.0352937669547662,2.48060415288791,0.06493662957562975,0.027931159735055867
2,0.9,3.3333333333333335,10.0,0.0635065395371057,1.0281995044167798,2.4750364278126202,0.06529739247927671,0.02837706674227661
2,0.9,4.444444444444445,4.444444444444445,0.04876123106219552,1.172821255048224,2.5909327909756827,0.057188208212060596,0.02038763321312828
2,0.9,4.444444444444445,5.555555555555555,0.054416108107987346,1.114273986295483,2.543442576956766,0.06063445370017301,0.023353684425976955
2,0.9,4.444444444444445,6.666666666666667,0.057794683676347686,1.081226726130208,2.5169904804710694,0.06248915661910838,0.025184828339747767
2,0.9,4.444444444444445,7.777777777777779,0.059958993458172155,1.0607280065390023,2.500708518612289,0.06360018360497204,0.02638078864512543
2,0.9,4.444444444444445,8.88888888888889,0.061424061610322093,1.0471304059148903,2.4899592311213192,0.0643190025669578,0.027200345042306246
2,0.9,4.444444444444445,10.0,0.06246011768681456,1.037645266507739,2.482483990295948,0.06481144546323943,0.027784679039463942
2,0.9,5.555555555555555,5.555555555555555,0.05153757156593335,1.1433508773243006,2.567075375394878,0.05892552766507383,0.021837731643551562
2,0.9,5.555555555555555,6.666666666666667,0.055664196443427266,1.1017952434742937,2.533516717698445,0.061330546873186856,0.02403142895005919
2,0.9,5.555555555555555,7.777777777777779,0.05832740597908541,1.0760575947738524,2.5129368434724904,0.06276364818725266,0.025482033302683275
2,0.9,5.555555555555555,8.88888888888889,0.06013790610118029,1.0590022160396595,2.499384332680397,0.06368617582913488,0.0264836583791797
2,0.9,5.555555555555555,10.0,0.061421701361050046,1.0471135648447096,2.489976378251497,0.06431549667099627,0.027201387468986135
2,0.9,6.666666666666667,6.666666666666667,0.0535745245179487,1.1224626692583257,2.550242521249549,0.06013540379466232,0.02291810216878827
2,0.9,6.666666666666667,7.777777777777779,0.05671791642379113,1.0914438912598539,2.5252789205029043,0.06190442340573376,0.024606218930320313
2,0.9,6.666666666666667,8.88888888888889,0.058864770438871096,1.0709086562532661,2.508878674826408,0.06303879221134844,0.025781004602416092
2,0.9,6.666666666666667,10.0,0.060391464700011964,1.0566041311972554,2.497513206256125,0.06380987109108585,0.02662714484233266
2,0.9,7.777777777777779,7.777777777777779,0.055131187359888444,1.106885645411395,2.5377328942527404,0.06102391990314666,0.0237531203993647
2,0.9,7.777777777777779,8.88888888888889,0.05760497895361868,1.0828491672899205,2.5184414381601776,0.062377503491679386,0.025092283595840127
2,0.9,7.777777777777779,10.0,0.05936957772418234,1.0661166897817913,2.5050940737880376,0.06329489767704805,0.026061901918917076
2,0.9,8.88888888888889,8.88888888888889,0.056358844836008434,1.094823172475015,2.528071767761637,0.06170296930038587,0.024417390357177347
2,0.9,8.88888888888889,10.0,0.05835620613618144,1.0756509574999487,2.512718565568289,0.06277090900644795,0.025505607431883834
2,0.9,10.0,10.0,0.05735151112925734,1.0852066441898138,2.520386251927759,0.06223824093179612,0.0249582081164086
2,1.0,0.0,0.0,0.05424667588906951,1.0,2.414213562373095,0.05424667588906951,0.022469708866910156
2,1.0,0.0,1.1111111111111112,0.05424667588906951,1.0,2.414213562373095,0.05424667588906951,0.022469708866910156
2,1.0,0.0,2.2222222222222223,0.05424667588906951,1.0,2.414213562373095,0.05424667588906951,0.022469708866910156
2,1.0,0.0,3.3333333333333335,0.05424667588906951,1.0,2.414213562373095,0.05424667588906951,0.022469708866910156
2,1.0,0.0,4.444444444444445,0.05424667588906951,1.0,2.414213562373095,0.05424667588906951,0.022469708866910156
2,1.0,0.0,5.555555555555555,0.05424667588906951,1.0,2.414213562373095,0.05424667588906951,0.022469708866910156
2,1.0,0.0,6.666666666666667,0.05424667588906951,1.0,2.414213562373095,0.05424667588906951,0.022469708866910156
2,1.0,0.0,7.777777777777779,0.05424667588906951,1.0,2.414213562373095,0.05424667588906951,0.022469708866910156
2,1.0,0.0,8.88888888888889,0.05424667588906951,1.0,2.414213562373095,0.05424667588906951,0.022469708866910156
2,1.0,0.0,10.0,0.05424667588906951,1.0,2.414213562373095,0.05424667588906951,0.022469708866910156
2,1.0,1.1111111111111112,1.1111111111111112,0.020054768953601008,1.4559549196176707,2.7961717760054294,0.029198839519791114,0.006822970448976957
2,1.0,1.1111111111111112,2.2222222222222223,0.04050472163254259,1.146221991882376,2.5323257010682507,0.04642740271029413,0.015639023261866034
2,1.0,1.1111111111111112,3.3333333333333335,0.04708089686124495,1.0722805594035072,2.472200617685558,0.05048393042359456,0.018828595016720313
2,1.0,1.1111111111111112,4.444444444444445,0.04987503709186356,1.0431440298028032,2.448768939722927,0.05202684717857084,0.020230557427649985
2,1.0,1.1111111111111112,5.555555555555555,0.05130777149595735,1.0286782972203006,2.4371758439348494,0.05277919101662968,0.020959098783489234
2,1.0,1.1111111111111112,6.666666666666667,0.05213733201103355,1.0204458116630366,2.4305859546625794,0.05320332208194435,0.02138361280661994
2,1.0,1.1111111111111112,7.777777777777779,0.05265987145945238,1.0153141468381195,2.4264795757925692,0.05346631246345893,0.021651918637311925
2,1.0,1.1111111111111112,8.88888888888889,0.05300998694496722,1.011899415742772,2.4237470784953445,0.053640774818144304,0.021832039225829127
2,1.0,1.1111111111111112,10.0,0.05325591095994514,1.0095124123877517,2.421836690039381,0.053762503147081524,0.021958705017238872
2,1.0,2.2222222222222223,2.2222222222222223,0.029032623193563666,1.2974486318255702,2.66057705904372,0.0376683372407965,0.010542570798295953
2,1.0,2.2222222222222223,3.3333333333333335,0.040458521409424894,1.1458514853047717,2.5327763392818174,0.04635945685022442,0.015654407488468906
2,1.0,2.2222222222222223,4.444444444444445,0.045696035342326996,1.086748248537594,2.484247869614683,0.04966008637338586,0.018164156733300234
2,1.0,2.2222222222222223,5.555555555555555,0.048454098522599874,1.0575584184565905,2.4605439851355695,0.051243039801300544,0.01952630235104899
2,1.0,2.2222222222222223,6.666666666666667,0.050071452299282705,1.0409933517061973,2.447163356902357,0.05212404895382729,0.020337522040578926
2,1.0,2.2222222222222223,7.777777777777779,0.05109754070166271,1.0306849273919843,2.438859942718997,0.05266546502800219,0.020856739459073834
2,1.0,2.2222222222222223,8.88888888888889,0.05178812624505273,1.0238327947183694,2.4333492881461973,0.05302238202670007,0.02120809186107166
2,1.0,2.2222222222222223,10.0,0.05227465229272694,1.0190464022150272,2.429503523435056,0.053270296345944906,0.021456503292850686
2,1.0,3.3333333333333335,3.3333333333333335,0.034431591979685316,1.2205453604150716,2.595681322714868,0.0420253198425097,0.012916528390813206
2,1.0,3.3333333333333335,4.444444444444445,0.04172256023463296,1.1307799002386236,2.5206004378525053,0.047179032499818224,0.01626431086129218
2,1.0,3.3333333333333335,5.555555555555555,0.04568965305364846,1.0866311920336802,2.4843040944784787,0.0496478021612913,0.01816953694154023
2,1.0,3.3333333333333335,6.666666666666667,0.048050518696656136,1.0616393911168347,2.4639408875573654,0.0510123234119661,0.019330795576408464
2,1.0,3.3333333333333335,7.777777777777779,0.04956031297349572,1.0461110098022026,2.451352649946086,0.05184558905081681,0.020083902515423576
2,1.0,3.3333333333333335,8.88888888888889,0.0505813904538496,1.0357995199704795,2.44301925818336,0.05239217995153681,0.020597740579060133
2,1.0,3.3333333333333335,10.0,0.05130305171451023,1.028601657142736,2.437213589721855,0.05277040401002471,0.020963039108272515
2,1.0,4.444444444444445,4.444444444444445,0.0379647711378731,1.1752037448909611,2.557771148705445,0.04461634121515674,0.014524083930627166
2,1.0,4.444444444444445,5.555555555555555,0.04301792259524612,1.1158869149332484,2.508441127707346,0.04800313693164648,0.016886866739553905
2,1.0,4.444444444444445,6.666666666666667,0.046075885509291946,1.0823805594156184,2.480913362753339,0.0498716427331174,0.01836275181828598
2,1.0,4.444444444444445,7.777777777777779,0.04804877816934313,1.0615910172813816,2.4639555889693554,0.051008151295920415,0.019333126048238215
2,1.0,4.444444444444445,8.88888888888889,0.049390062010254185,1.047798958156866,2.4527560208499883,0.05175085551764735,0.0200008544379037
2,1.0,4.444444444444445,10.0,0.050341255284526244,1.0381778581611438,2.4449664020026907,0.05226317658843282,0.020478245932348007
2,1.0,5.555555555555555,5.555555555555555,0.04044185186548282,1.145315448184813,2.5329390410996173,0.04631867769473927,0.015676215924226737
2,1.0,5.555555555555555,6.666666666666667,0.044148772379903875,1.103213361089605,2.4980753223165406,0.04870551556521368,0.017432670847690405
2,1.0,5.555555555555555,7.777777777777779,0.046563484978285635,1.0771235318127812,2.4766665618003696,0.050154625393322404,0.018604115875005798
2,1.0,5.555555555555555,8.88888888888889,0.04821440862143245,1.05983046056337,2.4625585753613453,0.051099098895043264,0.019417297890208737
2,1.0,5.555555555555555,10.0,0.04938940312670238,1.0477746799131737,2.4527614598262018,0.05174896605218329,0.020002055334109634
2,1.0,6.666666666666667,6.666666666666667,0.04227025848160472,1.1241341929693514,2.5154210579578966,0.0475174429048246,0.016539796923522577
2,1.0,6.666666666666667,7.777777777777779,0.045104939347594186,1.0927070980289955,2.489483287177506,0.049286487381283495,0.017896565946113132
2,1.0,6.666666666666667,8.88888888888889,0.047054682800387604,1.0718933641589303,2.472425889580345,0.05043760224633882,0.018846930934942843
2,1.0,6.666666666666667,10.0,0.04844762927333915,1.057391791028592,2.4605982497146384,0.05122812548842532,0.019534397031037515
2,1.0,7.777777777777779,7.777777777777779,0.04367360316294512,1.1083402272431286,2.5024034071287455,0.04840521125414482,0.01721015893945269
2,1.0,7.777777777777779,8.88888888888889,0.045911121449292845,1.0839869926871888,2.48235690177488,0.04976705847071524,0.018289609277868737
2,1.0,7.777777777777779,10.0,0.04751606152035901,1.0670288544681743,2.4684762457136786,0.05070100869290797,0.019075198939609017
2,1.0,8.88888888888889,8.88888888888889,0.04478394549039414,1.0961106577900064,2.492350522449343,0.049088159949907714,0.01774518450002488
2,1.0,8.88888888888889,10.0,0.046594821294537604,1.0766855278769434,2.476394909962687,0.05016796976184106,0.018624387228035274
2,1.0,10.0,10.0,0.04568402353307921,1.0863614639455053,2.4843536932838406,0.04962936268431684,0.01818188637107517
